,City,Cloudines,Country,Date,Humidity,Lat,Lng,Max Temp,Wind Speed
0,penzance,20,GB,1554568510,76,50.12,-5.53,286.48,8.2
1,hermanus,0,ZA,1554568306,71,-34.42,19.24,293.15,1.79
2,busselton,76,AU,1554568810,53,-33.64,115.35,285.93,4.66
3,griffith,0,AU,1554568825,79,-34.29,146.06,283.548,1.21
4,port alfred,8,ZA,1554568580,86,-33.59,26.89,291.48,0.45
5,grindavik,90,IS,1554566400,65,63.84,-22.43,279.15,5.7
6,kloulklubed,75,PW,1554565800,94,7.04,134.26,299.15,3.66
8,uglovskoye,0,RU,1554568826,88,51.36,80.19,272.098,1.41
9,tasiilaq,90,GL,1554565800,91,65.61,-37.64,273.15,13.4
10,port elizabeth,0,ZA,1554566400,88,-33.92,25.57,291.15,5.7
11,lavrentiya,48,RU,1554568827,98,65.58,-170.99,258.398,2.06
12,thompson,20,CA,1554566400,31,55.74,-97.86,267.15,2.1
13,ushuaia,90,AR,1554566400,69,-54.81,-68.31,277.15,10.3
14,kapaa,1,US,1554566160,88,22.08,-159.32,292.15,3.1
15,kozhevnikovo,80,RU,1554568827,88,56.26,83.98,272.598,3.41
17,fortuna,90,US,1554568781,100,40.6,-124.16,287.59,9.3
18,puerto ayora,20,EC,1554568294,70,-0.74,-90.35,302.15,4.6
19,butaritari,92,KI,1554568828,100,3.07,172.79,299.398,2.91
20,katsuura,20,JP,1554568504,71,33.93,134.5,285.15,1.5
21,vaini,20,TO,1554566400,94,-21.2,-175.2,295.15,1
23,albany,92,AU,1554568829,93,-35.02,117.88,288.198,2.91
24,baykit,48,RU,1554568829,80,61.68,96.39,270.798,3.91
25,snasa,44,NO,1554568829,83,64.25,12.38,273.948,0.96
27,barrow,1,US,1554568815,77,39.51,-90.4,291.48,3.1
28,brockville,90,CA,1554568819,81,44.59,-75.69,281.48,3.6
29,herbertpur,20,IN,1554568830,90,30.44,77.74,285.498,0.91
31,erenhot,92,CN,1554568830,40,43.65,111.97,276.198,5.01
32,hilo,75,US,1554568828,72,19.71,-155.08,292.59,4.01
33,kununurra,90,AU,1554566400,88,-15.77,128.74,298.15,1.66
34,caravelas,0,BR,1554568830,98,-17.73,-39.27,301.348,5.31
35,benghazi,88,LY,1554568716,98,32.12,20.07,289.748,8.26
36,alta floresta,56,BR,1554568831,82,-9.87,-56.08,300.598,1.31
37,norrtalje,0,SE,1554568823,37,59.76,18.7,284.15,5.7
38,kruisfontein,0,ZA,1554568831,80,-34,24.73,291.748,6.91
39,nishihara,0,JP,1554568817,43,35.74,139.53,287.59,3.6
40,hobart,0,AU,1554568694,76,-42.88,147.33,284.26,3.6
41,partenit,0,UA,1554568832,88,44.58,34.34,282.648,3.46
42,pozoblanco,40,ES,1554566400,81,38.38,-4.85,284.15,7.2
43,hualmay,20,PE,1554568687,73,-11.1,-77.61,297.648,2.26
44,new norfolk,0,AU,1554568820,76,-42.78,147.06,284.26,3.6
46,oranjemund,56,NA,1554568832,92,-28.55,16.43,289.148,4.71
47,punta arenas,40,CL,1554567756,89,-53.16,-70.91,282.15,22.1
48,birnin kebbi,24,NG,1554568833,28,12.45,4.2,309.848,2.06
49,tuktoyaktuk,20,CA,1554566400,76,69.44,-133.03,251.15,4.6
50,nola,32,CF,1554568833,59,3.52,16.05,301.548,1.41
51,mar del plata,0,AR,1554568823,33,-46.43,-67.52,295.298,0.76
52,severo-kurilsk,92,RU,1554568833,96,50.68,156.12,273.248,13.01
53,krasnoshchekovo,8,RU,1554568833,88,51.67,82.73,270.948,2.66
54,yellowknife,75,CA,1554568770,60,62.45,-114.38,262.59,5.1
55,mega,44,ET,1554568834,40,4.06,38.32,297.148,4.41
56,jamestown,56,SH,1554568834,99,-15.94,-5.72,298.148,6.96
57,upernavik,0,GL,1554568834,81,72.79,-56.15,273.698,7.46
58,chuy,80,UY,1554568834,82,-33.69,-53.46,294.648,4.36
59,mogadishu,0,SO,1554568823,100,2.04,45.34,301.648,6.01
60,east london,75,ZA,1554566400,77,-33.02,27.91,292.15,3.6
61,solnechnyy,76,RU,1554568835,90,50.72,136.64,270.198,2.51
62,georgetown,24,SH,1554568835,100,-7.93,-14.42,300.948,6.46
63,shimoda,0,JP,1554568811,60,34.7,138.93,286.48,7.76
64,ponta delgada,40,PT,1554566400,72,37.73,-25.67,290.15,10.3
65,aklavik,5,CA,1554566400,77,68.22,-135.01,259.15,1
66,rawson,8,AR,1554568836,31,-43.3,-65.11,299.698,7.16
67,kodiak,1,US,1554568750,39,39.95,-94.76,293.71,6.2
68,port hedland,24,AU,1554566400,78,-20.31,118.58,298.15,2.6
69,atuona,32,PF,1554568836,98,-9.8,-139.03,301.348,7.71
70,cidreira,92,BR,1554568837,90,-30.17,-50.22,295.198,3.51
71,rikitea,76,PF,1554568837,100,-23.12,-134.97,298.298,6.56
72,sao filipe,0,CV,1554568837,92,14.9,-24.5,295.448,8.76
73,isangel,0,VU,1554568837,100,-19.55,169.27,298.148,7.36
74,brae,88,GB,1554565800,70,60.4,-1.35,282.15,8.7
75,ranfurly,0,NZ,1554568607,86,-45.13,170.1,276.48,1.11
76,pendleton,90,US,1554568818,81,45.67,-118.79,283.15,3.6
77,nikolskoye,0,RU,1554568381,24,59.7,30.79,286.15,5
78,puerto leguizamo,8,CO,1554568838,30,-0.19,-74.78,311.398,1.51
79,gizo,76,SB,1554568838,100,-8.1,156.84,298.798,1.26
80,merauke,32,ID,1554568839,100,-8.49,140.4,298.098,1.31
82,bandarbeyla,0,SO,1554568839,100,9.49,50.81,300.598,2.46
83,castro,90,CL,1554566400,93,-42.48,-73.76,285.15,8.2
84,flin flon,75,CA,1554566400,61,54.77,-101.88,273.15,3.1
85,praia da vitoria,40,PT,1554568430,72,38.73,-27.07,292.15,12.01
86,leningradskiy,56,RU,1554568840,85,69.38,178.42,258.148,6.71
87,mandalgovi,80,MN,1554568840,98,45.76,106.27,271.198,6.46
88,faanui,48,PF,1554568840,100,-16.48,-151.75,302.198,7.16
89,ostrovnoy,0,RU,1554568840,81,68.05,39.51,269.648,5.21
90,kavieng,80,PG,1554568840,100,-2.57,150.8,301.148,3.46
91,ponta do sol,40,PT,1554568685,59,32.67,-17.1,292.15,3.1
92,komsomolskiy,80,RU,1554568841,88,67.55,63.78,270.148,10.06
93,sitka,92,US,1554568445,61,37.17,-99.65,292.04,5.36
94,vredendal,8,ZA,1554568841,55,-31.68,18.49,292.398,2.21
95,lorengau,80,PG,1554568841,95,-2.02,147.27,301.798,3.56
96,adrar,0,DZ,1554566400,26,27.87,-0.29,299.15,4.6
97,ahuimanu,75,US,1554568626,82,21.44,-157.84,292.59,2.06
98,coolum beach,20,AU,1554568806,99,-26.53,153.09,289.82,1.86
99,narsaq,75,GL,1554565800,26,60.91,-46.05,280.15,5.7
100,evensk,0,RU,1554568842,90,61.92,159.24,268.398,1.96
101,meridian,90,US,1554567060,83,32.36,-88.7,295.15,3.1
102,fukue,20,JP,1554568797,71,35.03,136.69,285.37,3.1
104,riacho de santana,20,BR,1554568843,90,-13.61,-42.94,301.348,1.86
105,yulara,0,AU,1554568843,47,-25.24,130.99,293.098,4.81
106,brynmawr,20,GB,1554568626,58,51.8,-3.17,286.48,7.2
107,sosnovo-ozerskoye,64,RU,1554568843,54,52.53,111.54,264.548,3.91
109,bethel,90,US,1554566640,92,60.79,-161.76,268.15,2.6
110,suluq,44,LY,1554568844,77,31.67,20.25,288.348,4.96
111,mahebourg,75,MU,1554568740,74,-20.41,57.7,300.15,5.1
112,sao joao da barra,40,BR,1554566400,41,-21.64,-41.05,308.15,3.1
113,cabo san lucas,5,MX,1554568508,64,22.89,-109.91,300.93,3.6
115,buala,0,SB,1554568845,95,-8.15,159.59,300.298,1.71
116,bluff,0,NZ,1554568804,89,-46.6,168.33,275.93,3.81
117,altay,44,CN,1554568845,81,47.83,88.13,270.648,2.11
118,swellendam,0,ZA,1554566400,68,-34.02,20.44,293.15,6.2
120,inirida,24,CO,1554568846,68,3.87,-67.92,304.598,1.31
121,launceston,20,AU,1554568562,87,-41.43,147.14,284.26,4.1
122,mount isa,0,AU,1554566400,56,-20.73,139.49,296.15,2.6
123,labelle,20,CA,1554568691,60,46.28,-74.73,280.348,3.01
124,saskylakh,64,RU,1554568846,81,71.97,114.09,265.198,7.86
125,khash,0,IR,1554568847,28,28.22,61.21,291.048,3.51
126,esperance,0,AU,1554568847,86,-33.86,121.89,283.048,2.31
128,kilcullen,75,IE,1554568802,66,53.13,-6.75,287.04,3.6
129,garissa,0,KE,1554568847,44,-0.46,39.64,303.048,2.96
130,klaksvik,76,FO,1554567600,65,62.23,-6.59,280.15,5.7
131,gao,20,ML,1554568848,17,16.28,-0.04,309.798,6.11
132,mazurivka,0,UA,1554564600,38,49.27,24.21,288.15,7
134,beloha,0,MG,1554568848,55,-25.17,45.06,300.898,6.11
135,hohhot,0,CN,1554568848,65,40.81,111.65,274.648,1.11
136,paamiut,32,GL,1554568849,89,61.99,-49.67,274.648,14.51
137,vardo,68,NO,1554568849,97,70.37,31.11,275.998,7.46
138,beitbridge,24,ZW,1554568849,65,-22.22,30,297.698,6.21
139,ust-kuyga,56,RU,1554568849,96,70,135.55,259.648,1.41
140,kalmunai,12,LK,1554568849,100,7.42,81.82,296.748,1.41
141,iki-burul,0,RU,1554566400,71,45.82,44.65,284.15,4
142,pospelikha,0,RU,1554568850,77,51.99,81.83,270.348,1.51
144,bredasdorp,0,ZA,1554568306,68,-34.53,20.04,293.15,6.2
145,ventersburg,64,ZA,1554568850,94,-28.08,27.14,287.998,4.11
146,san patricio,75,MX,1554565260,78,19.22,-104.7,300.15,1.51
147,cherskiy,36,RU,1554568851,63,68.75,161.3,257.498,1.11
148,namibe,0,AO,1554568851,100,-15.19,12.15,298.898,3.56
150,mount gambier,0,AU,1554568804,85,-37.83,140.78,282.748,2.26
153,khandyga,24,RU,1554568851,75,62.65,135.58,265.298,1.06
154,tazovskiy,88,RU,1554568851,90,67.47,78.7,270.798,8.91
156,mitchelstown,75,IE,1554568329,76,52.27,-8.27,287.15,7.2
157,qaanaaq,68,GL,1554568852,84,77.48,-69.36,261.198,5.11
158,santiago,24,PH,1554568852,88,16.69,121.54,295.748,0.51
159,pauini,24,BR,1554568853,80,-7.71,-67,301.798,3.66
160,tuatapere,0,NZ,1554568804,89,-46.13,167.69,275.93,1.96
161,maniitsoq,32,GL,1554568853,81,65.42,-52.9,274.748,3.31
162,murgab,92,TM,1554568853,59,37.5,61.97,291.498,4.36
163,kaitangata,0,NZ,1554568805,67,-46.28,169.85,278.71,2.24
164,pisco,8,PE,1554568853,73,-13.71,-76.2,297.448,2.21
166,pirgos,75,GR,1554568786,87,35.12,25.72,289.82,5.1
167,naze,0,JP,1554568854,98,28.37,129.48,294.698,5.26
168,arraial do cabo,0,BR,1554566400,74,-22.97,-42.02,305.15,6.2
169,bull savanna,48,JM,1554568854,51,17.89,-77.59,302.598,4.11
171,srednekolymsk,0,RU,1554568855,86,67.46,153.71,257.998,1.21
172,pereira barreto,76,BR,1554568666,100,-20.64,-51.11,297.698,1.66
173,rio gallegos,20,AR,1554566400,40,-51.62,-69.22,285.15,16.5
174,senneterre,90,CA,1554568260,93,48.39,-77.24,275.15,4.1
175,geraldton,0,AU,1554564600,67,-28.77,114.6,290.15,6.7
176,issenye,8,TZ,1554568855,52,-1.99,34.35,294.698,1.96
177,raudeberg,12,NO,1554568805,70,61.99,5.14,282.15,7.7
178,progreso,0,MX,1554568856,45,20.25,-99.19,296.898,1.16
179,alice springs,0,AU,1554566400,43,-23.7,133.88,295.15,2.6
180,berlevag,80,NO,1554568856,100,70.86,29.09,273.148,4.56
182,touros,75,BR,1554566400,74,-5.2,-35.46,303.15,6.2
183,souillac,75,MU,1554568740,74,-20.52,57.52,300.15,5.1
184,ahipara,24,NZ,1554568857,100,-35.17,173.16,283.498,1.91
185,maxixe,40,MZ,1554566400,78,-23.86,35.35,299.15,3.1
186,sayyan,0,YE,1554568759,74,15.17,44.32,285.448,0.51
189,itacare,40,BR,1554566400,74,-14.28,-39,304.15,3.1
190,saint-francois,20,GP,1554564600,45,16.25,-61.27,303.15,7.7
191,tateyama,100,JP,1554568813,63,36.66,137.31,288.15,0.56
192,luang prabang,8,LA,1554568858,90,19.89,102.14,292.598,0.86
193,hasaki,20,JP,1554568663,87,35.73,140.83,284.26,2.1
194,mareeba,40,AU,1554568699,83,-16.99,145.42,297.15,4.6
195,avarua,48,CK,1554568200,94,-21.21,-159.78,293.15,0.5
196,hithadhoo,44,MV,1554568859,100,-0.6,73.08,302.198,2.76
197,inhambane,40,MZ,1554566400,78,-23.87,35.38,299.15,3.1
198,bridlington,32,GB,1554568803,76,54.08,-0.19,284.82,4.6
200,saint-pierre,0,PM,1554566400,64,46.77,-56.17,276.15,8.2
201,cayenne,75,GF,1554564600,74,4.94,-52.33,302.15,7.7
202,sabang,0,ID,1554568860,100,1.17,120.82,300.648,3.31
204,jinchang,12,CN,1554568860,53,38.52,102.19,277.548,2.56
205,nanortalik,44,GL,1554568860,93,60.14,-45.24,274.048,9.81
206,makakilo city,1,US,1554568626,88,21.35,-158.09,292.59,2.1
207,puerto escondido,20,MX,1554565260,69,15.86,-97.07,301.15,4.41
208,bulgan,12,MN,1554568861,71,48.81,103.53,264.398,1.21
209,norman wells,75,CA,1554566400,66,65.28,-126.83,264.15,5.1
210,cape town,0,ZA,1554568566,68,-33.93,18.42,294.82,5.1
212,ilulissat,75,GL,1554565800,47,69.22,-51.1,276.15,12.3
213,capao bonito,48,BR,1554568861,86,-24.01,-48.35,299.648,2.21
214,brazzaville,40,CG,1554566400,88,-4.27,15.28,298.15,2.1
215,chapulhuacan,0,MX,1554568719,43,21.17,-98.9,301.648,0.86
216,dubbo,0,AU,1554566400,63,-32.25,148.6,290.15,2.1
217,lima,90,PE,1554566400,69,-12.06,-77.04,299.15,2.6
218,windhoek,0,NA,1554566438,40,-22.57,17.08,302.15,4.6
219,mabay,92,PH,1554568863,100,6.06,124.47,298.248,5.61
220,danville,90,US,1554568516,63,37.65,-84.77,292.59,1.51
221,ixtapa,20,MX,1554568814,61,20.71,-105.21,300.15,1.31
223,banepa,75,NP,1554565800,93,27.63,85.52,288.15,2.6
225,blansko,0,CZ,1554568805,58,49.36,16.64,286.48,3.1
226,carroll,1,US,1554568861,82,42.07,-94.87,292.04,6.2
227,muros,75,ES,1554568854,93,42.77,-9.06,285.93,4.1
228,provideniya,56,RU,1554568864,100,64.42,-173.23,261.898,3.46
229,matara,8,LK,1554568864,96,5.95,80.54,299.748,1.66
230,haines junction,32,CA,1554568865,83,60.75,-137.51,266.998,1.06
231,hervey bay,0,AU,1554568508,93,-25.3,152.85,292.59,2.6
232,dikson,64,RU,1554568865,93,73.51,80.55,264.198,3.56
233,portomaggiore,40,IT,1554568713,67,44.7,11.8,289.26,2.61
234,chokurdakh,88,RU,1554568865,84,70.62,147.9,263.398,3.51
236,arlit,0,NE,1554568866,21,18.74,7.39,306.398,2.76
237,vicuna,20,CL,1554566400,77,-30.03,-70.71,291.15,7.2
238,eenhana,0,NA,1554566400,13,-17.48,16.34,308.15,2.1
239,shenzhen,20,CN,1554568667,88,22.54,114.05,298.15,5
240,bacolod,0,PH,1554568866,88,10.68,122.95,296.898,2.21
241,nova olimpia,80,BR,1554568867,82,-14.8,-57.29,297.248,3.01
242,gornopravdinsk,8,RU,1554568867,83,60.06,69.92,269.048,2.31
243,bella union,0,UY,1554568867,87,-30.28,-57.6,295.698,2.56
244,misratah,0,LY,1554568811,83,32.38,15.09,289.248,2.11
246,alyangula,92,AU,1554568867,100,-13.85,136.42,299.548,13.11
248,leeton,0,AU,1554568868,77,-34.55,146.4,283.048,1.26
249,nadapuram,0,IN,1554568868,85,11.7,75.65,298.148,1.16
250,saint george,75,BM,1554568325,77,32.38,-64.68,294.15,8.7
251,lerwick,32,GB,1554565800,76,60.15,-1.15,282.15,8.2
252,mayo,90,CA,1554566400,68,63.59,-135.9,269.15,3.6
253,ancud,90,CL,1554566400,93,-41.87,-73.83,285.15,8.2
254,lagos,12,NG,1554568869,71,6.46,3.39,303.198,5.11
255,ribeira grande,40,PT,1554566400,82,38.52,-28.7,290.15,10.3
257,itea,24,GR,1554568859,67,38.43,22.42,288.71,4.02
258,salalah,20,OM,1554565800,74,17.01,54.1,301.15,3.6
259,byron bay,40,AU,1554568823,93,-28.65,153.62,291.48,1.61
260,mehamn,88,NO,1554568870,87,71.03,27.85,272.548,4.16
261,hobyo,12,SO,1554568870,89,5.35,48.53,299.298,3.61
262,sioux lookout,1,CA,1554566400,69,50.1,-91.92,275.15,3.6
263,saint-philippe,0,RE,1554568333,69,-21.36,55.77,300.15,8.7
264,kulu,88,TR,1554568871,53,39.09,33.08,285.298,4.41
265,jose bonifacio,40,BR,1554566400,52,-21.05,-49.69,304.15,4.1
266,pa daet,0,TH,1554568871,91,19.5,99.99,292.948,1.11
267,joutseno,0,FI,1554565800,27,61.11,28.48,284.15,2.1
268,lebu,20,CL,1554568872,91,-37.62,-73.65,286.998,7.16
270,roanoke rapids,90,US,1554568690,100,36.46,-77.65,290.37,2.6
271,great yarmouth,75,GB,1554568864,93,52.61,1.73,282.59,4.1
272,yokadouma,36,CM,1554568872,70,3.52,15.05,300.498,1.21
273,shumerlya,88,RU,1554568872,94,55.5,46.42,274.098,3.91
274,nanakuli,90,US,1554568626,93,21.39,-158.15,292.59,2.1
275,yerbogachen,32,RU,1554568873,67,61.28,108.01,267.498,3.26
276,barra do corda,92,BR,1554568873,95,-5.5,-45.25,299.148,3.41
277,deputatskiy,68,RU,1554568873,78,69.3,139.9,260.648,1.21
279,andenes,68,NO,1554568360,100,69.31,16.12,275.15,7.7
280,surazh,0,RU,1554568874,60,53.01,32.39,278.198,3.46
281,amahai,68,ID,1554568874,100,-3.31,129,299.848,1.41
283,soc trang,75,VN,1554564600,83,9.6,105.98,300.15,3.6
284,nuuk,75,GL,1554567730,44,64.17,-51.74,278.15,6.2
285,venado tuerto,0,AR,1554568852,12,-33.75,-61.97,299.26,2.24
287,pevek,0,RU,1554568875,77,69.7,170.27,255.098,3.06
288,umm lajj,68,SA,1554568875,85,25.02,37.27,294.098,1.96
289,rawatsar,0,IN,1554568875,51,29.26,74.4,298.498,0.61
290,izumo,8,JP,1554566400,81,35.37,132.75,282.15,4.1
291,tiksi,24,RU,1554568876,80,71.64,128.87,261.998,1.31
293,salinopolis,80,BR,1554568876,100,-0.61,-47.36,299.898,4.51
294,yumen,76,CN,1554568876,36,40.29,97.04,283.298,2.76
295,alofi,92,NU,1554566400,94,-19.06,-169.92,298.15,2.1
297,bambous virieux,75,MU,1554568740,74,-20.34,57.76,300.15,5.1
298,port-gentil,20,GA,1554566400,66,-0.72,8.78,304.15,5.7
299,pimentel,75,PE,1554566400,61,-6.84,-79.94,300.15,4.1
300,kahului,1,US,1554568446,82,20.89,-156.47,294.82,3.1
301,sawakin,0,SD,1554568877,91,19.1,37.33,293.848,2.31
302,areosa,75,PT,1554568859,81,41.72,-8.86,286.48,3.1
303,marsa matruh,0,EG,1554566400,56,31.35,27.25,295.15,3.1
304,talnakh,80,RU,1554568878,87,69.49,88.39,266.048,2.76
305,trairi,92,BR,1554568878,100,-3.28,-39.27,297.748,8.46
306,sobolevo,32,RU,1554568878,58,54.43,31.9,278.298,3.66
307,santa maria del oro,0,MX,1554568878,22,25.95,-105.37,293.448,2.71
308,sur,8,OM,1554568879,82,22.57,59.53,300.148,0.66
310,rio grande,75,BR,1554566400,88,-32.03,-52.1,294.15,3.1
311,yanliang,0,CN,1554566400,50,34.66,109.22,287.15,1.06
313,honiara,80,SB,1554568879,100,-9.43,159.96,296.798,0.36
314,usogorsk,0,RU,1554568880,90,63.43,48.71,272.198,2.56
315,tilichiki,24,RU,1554568880,69,60.47,166.1,265.498,1.21
316,mweka,36,CD,1554568880,93,-4.85,21.56,296.998,0.71
317,shepsi,0,RU,1554568880,91,44.04,39.15,284.498,1.76
318,ormara,0,PK,1554568880,68,25.21,64.64,300.698,7.11
319,seoul,75,KR,1554568200,93,37.57,126.98,284.15,1
320,panaba,0,MX,1554568881,43,21.28,-88.27,306.998,5.61
321,la ronge,90,CA,1554566400,63,55.1,-105.3,271.15,4.6
322,san jeronimo,20,MX,1554568876,46,29.37,-110.79,295.93,2.6
323,kawambwa,64,ZM,1554568881,87,-9.8,29.07,295.398,1.96
324,remedios,40,PA,1554566400,58,8.23,-81.83,304.15,2.6
327,andilamena,68,MG,1554568882,85,-17.01,48.57,293.548,3.46
328,half moon bay,90,US,1554568882,87,37.46,-122.43,289.26,5.7
329,ovsyanka,36,RU,1554568882,61,53.58,126.91,270.698,2.21
330,tiznit,48,MA,1554568744,76,29.7,-9.73,288.298,5.76
331,pacific grove,75,US,1554568780,71,36.62,-121.92,288.71,1.5
332,marawi,0,SD,1554568883,19,18.48,31.82,299.948,3.46
333,thaba nchu,20,ZA,1554566400,49,-29.2,26.83,293.15,1.5
334,coquimbo,0,CL,1554568808,82,-29.95,-71.34,293.548,2.41
336,mecca,0,SA,1554568734,36,21.43,39.83,297.648,2.06
337,agua prieta,1,MX,1554568668,47,31.32,-109.55,289.82,2.1
338,vestmannaeyjar,75,IS,1554566400,85,63.44,-20.27,278.15,10.8
339,portland,0,AU,1554568626,71,-33.35,149.98,288.15,0.91
340,tashla,40,RU,1554564600,100,53.71,49.75,278.15,3
342,oarai,20,JP,1554568663,87,36.31,140.57,284.26,2.1
343,suntar,0,RU,1554568884,78,62.16,117.65,265.648,1.46
344,golden gate,40,US,1554568871,59,38.36,-88.2,292.59,2.1
345,victoria,20,SC,1554566400,74,-4.62,55.45,302.15,1.5
346,huitzo,40,MX,1554565200,56,19.98,-102.07,293.15,2.16
347,eguia,32,PH,1554568885,100,15.91,119.89,299.248,1.46
348,iqaluit,75,CA,1554567731,79,63.75,-68.52,266.15,4.66
349,itarema,76,BR,1554568885,96,-2.92,-39.92,300.148,3.41
350,quatre cocos,75,MU,1554568740,74,-20.21,57.76,300.15,5.1
351,saquarema,0,BR,1554566400,74,-22.93,-42.51,307.15,6.2
352,nizhnyaya poyma,32,RU,1554568886,50,56.16,97.2,270.548,2.51
353,ubinskoye,64,RU,1554568886,85,55.31,79.68,273.398,5.56
354,torbay,90,CA,1554568706,40,47.66,-52.73,277.04,8.7
355,port macquarie,0,AU,1554568805,93,-31.43,152.91,289.82,2.41
356,nha trang,20,VN,1554564600,83,12.24,109.19,300.15,1.5
357,rocha,92,UY,1554568887,62,-34.48,-54.34,294.398,1.96
358,high level,75,CA,1554566400,68,58.52,-117.13,270.15,6.2
359,pahrump,1,US,1554568347,62,36.21,-115.98,292.04,1.61
360,dunedin,0,NZ,1554568770,65,-45.87,170.5,282.59,2.68
361,bosaso,0,SO,1554568888,100,11.28,49.18,300.048,0.01
362,loandjili,40,CG,1554566400,88,-4.77,11.87,301.15,3.6
363,bathsheba,32,BB,1554568888,94,13.22,-59.52,299.898,8.96
364,taoudenni,32,ML,1554568888,18,22.68,-3.98,299.148,5.16
365,baghdad,75,IQ,1554566400,43,33.3,44.38,294.15,5.1
367,athabasca,92,CA,1554568888,100,54.72,-113.29,275.648,5.71
369,christchurch,92,NZ,1554568686,75,-43.53,172.64,281.15,4.6
371,zhigansk,0,RU,1554568889,69,66.77,123.37,262.898,1.41
372,aktau,0,KZ,1554564600,71,43.65,51.16,287.15,3
373,sorland,44,NO,1554568889,97,67.67,12.69,277.798,5.61
374,harper,8,LR,1554568889,97,4.38,-7.71,302.498,5.26
375,magway,0,MM,1554568890,74,20.15,94.92,296.648,2.01
377,honningsvag,80,NO,1554568890,98,70.98,25.97,273.048,4.11
378,poum,0,NC,1554568890,100,-20.23,164.02,298.398,7.16
379,frecatei,0,RO,1554566400,50,45.1,28.67,285.15,5.7
381,synya,0,RU,1554568891,80,65.37,58.04,268.848,3.26
382,xuanzhou,0,CN,1554568891,85,30.95,118.78,287.498,3.46
383,anloga,20,GH,1554566400,74,5.79,0.9,304.15,8.2
385,ilhabela,0,BR,1554568838,100,-23.78,-45.36,298.248,3.21
386,san ramon de la nueva oran,0,AR,1554568891,74,-23.13,-64.33,297.398,1.86
387,kangaatsiaq,24,GL,1554568891,80,68.31,-53.46,275.048,9.41
388,iquitos,20,PE,1554566400,319,-3.75,-73.25,279.15,3.6
389,noyabrsk,76,RU,1554568892,82,63.2,75.45,269.098,7.46
390,pangnirtung,90,CA,1554566400,62,66.15,-65.72,267.15,4.1
391,nuevitas,40,CU,1554565800,58,21.55,-77.27,302.15,5.7
393,egvekinot,20,RU,1554568893,80,66.32,-179.17,256.898,4.36
394,bilibino,8,RU,1554568893,89,68.06,166.44,258.148,1.31
395,cockburn town,88,TC,1554568609,95,21.46,-71.14,299.398,7.16
396,nautanwa,80,IN,1554568893,92,27.43,83.42,291.648,1.31
397,olga,0,RU,1554568893,80,43.74,135.29,268.348,2.21
398,constitucion,5,MX,1554568816,23,23.99,-104.67,289.82,2.1
399,chernyshevskiy,8,RU,1554568894,65,63.01,112.47,263.248,3.01
400,scarborough,20,GB,1554568621,76,54.28,-0.41,284.82,4.6
401,dingle,20,IE,1554566400,62,52.14,-10.27,287.15,5.7
402,jalu,0,LY,1554568894,61,29.03,21.55,295.598,3.66
403,talaya,20,RU,1554568894,78,55.79,84.89,270.198,4.26
404,mitsamiouli,20,KM,1554566400,74,-11.38,43.28,302.15,1
405,la rioja,0,AR,1554568895,74,-29.41,-66.86,295.898,1.81
406,hamilton,75,BM,1554568325,77,32.3,-64.78,294.15,8.7
407,xacmaz,92,AZ,1554568895,100,41.46,48.81,280.198,1.41
408,esmeralda,40,CU,1554565800,58,21.85,-78.12,302.15,5.7
409,buraydah,20,SA,1554566400,23,26.33,43.97,302.15,2.6
410,lysyye gory,88,RU,1554568895,93,51.55,44.84,275.398,2.86
411,espanola,32,CA,1554568870,75,46.27,-81.77,279.26,2.68
412,kaliganj,80,BD,1554568812,79,23.41,89.13,296.398,1.56
413,great falls,1,US,1554568863,40,47.5,-111.29,284.26,9.3
414,husavik,75,IS,1554566400,55,66.04,-17.34,277.15,4.6
415,niquelandia,56,BR,1554568896,84,-14.47,-48.46,301.398,1.86
416,macamic,75,CA,1554566400,74,48.75,-79,276.15,6.2
417,gigmoto,88,PH,1554568897,100,13.78,124.39,298.648,2.51
418,port hardy,75,CA,1554566400,81,50.7,-127.42,281.15,9.8
419,muyezerskiy,8,RU,1554568897,84,63.93,31.65,273.048,2.21
420,te anau,0,NZ,1554568897,72,-45.41,167.72,268.398,1.86
421,maragogi,64,BR,1554568824,75,-9.01,-35.22,302.798,4.96
422,san policarpo,88,PH,1554568898,97,12.18,125.51,299.198,4.76
424,atar,0,MR,1554568898,17,20.52,-13.05,301.498,4.21
425,chippenham,90,GB,1554568863,66,51.46,-2.12,286.15,5.46
427,maceio,40,BR,1554566400,52,-9.67,-35.74,305.15,6.7
429,hovd,0,MN,1554568899,24,48.01,91.64,278.548,7.36
430,tamboril,80,BR,1554568899,96,-4.83,-40.32,297.148,2.51
431,longyearbyen,75,SJ,1554565800,62,78.22,15.64,267.15,7.2
432,yining,0,CN,1554568899,84,29.04,114.56,282.698,0.76
433,tazmalt,40,DZ,1554568591,82,36.39,4.4,287.15,3.1
434,breytovo,0,RU,1554568900,85,58.3,37.86,273.548,3.86
435,fort collins,1,US,1554568883,25,40.55,-105.07,292.15,3.6
436,leua,48,AO,1554568900,63,-11.65,20.45,297.798,0.96
437,ankang,0,CN,1554568900,75,32.73,108.99,283.598,0.61
438,matadi,48,CD,1554568900,85,-5.83,13.46,300.348,3.11
439,khatanga,48,RU,1554568901,84,71.98,102.47,267.998,5.01
440,jos,44,NG,1554568901,31,9.92,8.9,303.498,2.31
441,pedernales,75,DO,1554566400,55,18.04,-71.74,304.15,8.2
442,lakselv,88,NO,1554567600,59,70.05,24.96,276.15,10.8
443,viedma,0,AR,1554568680,32,-40.81,-62.99,299.648,2.56
444,maumere,8,ID,1554568901,100,-8.63,122.22,300.148,1.01
445,nagato,0,JP,1554568411,82,34.35,131.14,286.15,0.5
446,severo-yeniseyskiy,44,RU,1554568902,69,60.37,93.04,273.498,3.16
448,whitianga,0,NZ,1554568810,95,-36.83,175.7,284.26,4.41
450,gorontalo,8,ID,1554568902,94,0.54,123.06,295.998,1.11
451,luderitz,20,NA,1554568902,80,-26.65,15.16,289.248,4.96
452,tual,48,ID,1554568903,98,-5.67,132.75,302.048,2.16
453,shawnee,90,US,1554568882,93,35.33,-96.93,290.37,5.7
454,zhanaozen,88,KZ,1554568903,51,43.35,52.85,287.498,7.81
455,kawalu,80,ID,1554568903,100,-7.38,108.21,293.548,1.11
456,ciudad bolivar,32,VE,1554568903,31,8.12,-63.55,308.698,5.91
457,xining,12,CN,1554568904,59,36.62,101.77,269.898,1.21
458,dolzhanskaya,0,RU,1554568904,81,46.63,37.8,283.498,7.91
459,westport,40,IE,1554568690,54,53.8,-9.52,285.93,4.6
460,qaqortoq,75,GL,1554565800,26,60.72,-46.03,280.15,5.7
461,toora-khem,64,RU,1554568904,66,52.47,96.11,268.598,1.16
462,moerai,8,PF,1554568905,100,-22.43,-151.33,298.848,4.26
463,khilok,0,RU,1554568905,68,51.36,110.46,260.748,1.16
464,nemuro,12,JP,1554568905,94,43.32,145.57,274.298,6.91
466,el dorado,90,US,1554568755,68,37.82,-96.86,292.59,7.7
467,tczew,0,PL,1554568886,41,54.09,18.8,289.26,5.1
468,kyren,20,RU,1554568905,67,51.68,102.13,259.998,0.76
469,pangkalanbuun,24,ID,1554568906,92,-2.68,111.62,297.098,1.21
470,beringovskiy,76,RU,1554568906,97,63.05,179.32,262.948,5.66
471,aripuana,92,BR,1554568906,88,-9.17,-60.63,298.648,1.61
472,sibolga,92,ID,1554568866,100,1.74,98.78,294.248,0.71
473,sena madureira,80,BR,1554568906,75,-9.07,-68.66,299.798,2.56
474,saldanha,0,ZA,1554566400,37,-33.01,17.94,295.15,5.7
475,coihaique,75,CL,1554562800,72,-45.58,-72.07,288.15,2.6
476,mattru,80,SL,1554568907,80,7.62,-11.83,302.198,2.51
477,ishigaki,0,JP,1554568907,100,24.34,124.16,296.998,5.31
478,yar-sale,80,RU,1554568907,84,66.83,70.83,271.948,11.16
479,kanniyakumari,0,IN,1554568907,100,8.08,77.57,302.748,5.51
480,carnarvon,0,AU,1554566400,73,-24.87,113.63,296.15,6.7
481,ondjiva,0,AO,1554568908,51,-17.07,15.73,300.398,1.21
482,lichinga,0,MZ,1554568908,85,-13.3,35.25,292.048,2.01
483,truckee,75,US,1554568889,39,39.33,-120.18,283.71,2.1
484,batagay-alyta,80,RU,1554568908,73,67.8,130.41,264.048,1.06
485,kostroma,0,RU,1554564600,60,57.77,40.93,279.15,2
486,khandbari,80,NP,1554568909,85,27.38,87.21,275.748,0.46
488,dossor,68,KZ,1554568909,65,47.52,52.98,284.648,6.36
489,manadhoo,0,MV,1554568797,100,5.77,73.38,302.448,1.96
491,belaya gora,80,RU,1554568909,84,68.54,146.19,263.298,1.41
493,waipawa,88,NZ,1554567036,93,-39.94,176.59,278.71,1.61
494,boke,8,GN,1554568910,90,10.95,-14.28,301.698,2.81
495,nome,90,US,1554568894,88,30.04,-94.42,298.15,2.6
496,gourcy,48,BF,1554568910,27,13.21,-2.36,309.198,1.91
497,sadon,75,RU,1554566400,71,42.85,44,283.15,3
498,copiapo,0,CL,1554562800,72,-27.37,-70.33,291.15,1.5
499,simao dias,40,BR,1554566400,74,-4.45,-69.97,305.15,2.1
500,masvingo,48,ZW,1554568911,63,-20.08,30.83,296.348,4.71
502,kavaratti,0,IN,1554568911,98,10.57,72.64,302.848,5.06
503,itoman,40,JP,1554568200,78,26.12,127.67,295.15,3.1
504,sarankhola,24,BD,1554568912,84,22.31,89.79,299.048,1.66
505,cervo,92,ES,1554568806,54,43.67,-7.41,283.15,8.46
506,lagoa,75,PT,1554568630,63,37.14,-8.45,289.82,10.8
508,george,0,ZA,1554566400,82,-33.96,22.46,291.15,3.1
509,hofn,8,IS,1554568912,100,64.25,-15.21,275.698,9.06
510,henties bay,0,NA,1554566527,84,-22.12,14.28,289.26,1.34
511,luganville,80,VU,1554568913,100,-15.51,167.18,299.348,5.01
512,college,20,US,1554568874,53,64.86,-147.8,272.15,2.6
513,marienburg,20,SR,1554566400,62,5.88,-55.04,306.15,5.1
514,bud,20,NO,1554568307,94,62.91,6.91,281.15,3.6
517,axim,0,GH,1554568914,97,4.87,-2.24,302.048,5.91
519,ottumwa,40,US,1554568521,72,41.02,-92.41,290.15,4.1
520,ola,0,RU,1554568914,83,59.58,151.3,270.548,6.86
521,lahij,8,YE,1554568914,73,13.06,44.88,297.048,1.81
522,ekhabi,44,RU,1554568915,86,53.51,142.97,268.298,4.16
523,ballangen,64,NO,1554568360,51,68.34,16.83,276.15,2.1
524,kuopio,0,FI,1554565800,34,62.89,27.68,282.15,2.6
525,amuntai,76,ID,1554568915,97,-2.42,115.25,295.998,1.01
526,marystown,88,CA,1554568915,68,47.17,-55.16,275.798,9.06
527,waddan,0,LY,1554568915,43,29.16,16.14,293.648,1.41
529,devanhalli,20,IN,1554568451,24,13.23,77.7,305.37,1.5
530,flinders,90,AU,1554568807,88,-34.58,150.85,293.15,2.6
531,preobrazheniye,12,RU,1554568916,90,42.9,133.91,270.998,1.21
532,petropavlovsk-kamchatskiy,88,RU,1554568916,91,53.05,158.65,272.348,6.26
533,najran,75,SA,1554566400,44,17.54,44.22,298.15,4.1
534,gberia fotombu,48,SL,1554568917,44,9.88,-11.17,306.898,1.91
535,aden,36,YE,1554568917,95,12.79,45.03,300.598,7.86
536,bayeux,80,FR,1554568204,76,49.28,-0.7,287.15,4.1
537,sinnamary,100,GF,1554568917,94,5.38,-52.96,299.998,4.81
538,graaff-reinet,0,ZA,1554568918,60,-32.25,24.53,288.748,2.41
539,zhaozhou,0,CN,1554568918,60,45.71,125.27,271.748,4.16
540,ucluelet,90,CA,1554568525,93,48.94,-125.55,280.37,6.7
541,yakymivka,0,UA,1554568918,60,46.7,35.16,282.698,4.06
542,broome,88,AU,1554566400,79,-17.97,122.23,304.15,4.6
543,tyrma,56,RU,1554568918,80,50.04,132.17,267.498,1.21
545,constantine,75,DZ,1554568200,76,36.36,6.61,283.15,5.1
546,jiangyou,0,CN,1554568919,81,31.78,104.73,284.198,0.71
548,ladario,90,BR,1554566400,88,-19,-57.6,292.15,4.1
549,kuybysheve,0,UA,1554568919,54,47.36,36.65,282.198,4.61
553,mackay,48,AU,1554568813,87,-21.15,149.2,294.26,7.66
554,ouargaye,36,BF,1554568920,28,11.5,0.06,310.798,1.36
555,aransas pass,75,US,1554568820,83,27.91,-97.15,299.26,7.2
556,mandya,68,IN,1554568920,26,12.52,76.9,302.098,3.86
557,newport,1,US,1554568659,71,41.49,-71.31,289.82,2.1
558,puerto narino,75,CO,1554566400,79,-3.77,-70.38,305.15,1.51
559,port lincoln,0,AU,1554568921,100,-34.72,135.86,286.698,3.86
560,owando,36,CG,1554568922,90,-0.49,15.91,297.548,0.96
561,batagay,32,RU,1554568922,76,67.65,134.64,264.198,1.21
564,alma,20,US,1554568900,68,39.02,-96.29,294.26,5.7
565,mirabad,0,AF,1554568923,39,30.44,61.84,298.298,4.81
566,ferrol,40,ES,1554568872,76,43.48,-8.23,283.71,4.6
567,ferndale,20,US,1554568819,61,48.85,-122.59,283.71,6.7
568,sola,56,VU,1554568923,100,-13.88,167.55,300.248,3.66
569,mbandaka,0,CD,1554568924,85,0.05,18.26,299.848,0.96
570,morondava,0,MG,1554568924,79,-20.3,44.28,302.048,3.26
571,muroto,12,JP,1554568924,100,33.37,134.14,283.898,2.56
572,opuwo,8,NA,1554568924,34,-18.06,13.84,298.898,3.16
573,barguzin,0,RU,1554568924,55,53.62,109.63,255.898,0.76
574,porto novo,75,CV,1554566400,47,17.02,-25.06,299.15,13.4
576,jacareacanga,8,BR,1554568755,58,-6.22,-57.76,306.048,1.26
578,slave lake,90,CA,1554568380,86,55.28,-114.77,274.15,3.6
579,ust-nera,0,RU,1554568925,54,64.57,143.24,257.698,0.91
580,nabire,88,ID,1554568926,93,-3.36,135.5,293.398,0.76
582,velvary,20,CZ,1554568562,54,50.28,14.24,289.26,5.1
583,pacifica,90,US,1554568819,87,37.61,-122.49,289.26,5.7
584,bonfim,40,BR,1554568432,62,-20.33,-44.24,302.15,2.6
585,burgersdorp,76,ZA,1554568926,80,-30.99,26.32,284.598,1.21
586,carutapera,92,BR,1554568926,91,-1.2,-46.02,299.798,3.01
587,zaraza,8,VE,1554568927,34,9.35,-65.33,309.298,4.11
588,pangai,0,TO,1554568927,100,-19.8,-174.35,299.698,3.21
589,coxim,48,BR,1554568927,75,-18.5,-54.75,300.248,4.56
590,shelburne,75,CA,1554568922,66,44.08,-80.2,284.26,1
591,isla vista,90,US,1554568636,81,34.41,-119.86,289.82,5.26
592,mugumu,0,TZ,1554568927,38,-1.84,34.67,296.548,3.91
593,berdigestyakh,20,RU,1554568928,78,62.1,126.7,267.598,2.76
594,kharan,32,PK,1554568928,55,28.58,65.42,290.648,0.66
596,saint-joseph,0,RE,1554568333,69,-21.37,55.62,300.15,8.7
597,polovinnoye,0,RU,1554568928,63,54.79,65.99,272.048,3.56
599,ban nahin,36,LA,1554568929,93,18.24,104.21,294.398,1.06
600,caluquembe,44,AO,1554568929,64,-13.78,14.68,294.548,0.76
601,eyl,0,SO,1554568929,100,7.98,49.82,299.048,2.81
602,dinguiraye,92,GN,1554568929,25,11.29,-10.71,309.798,1.61
603,tura,92,IN,1554568929,96,25.52,90.21,292.548,1.36
605,sakit,36,IN,1554568930,57,27.45,78.82,298.348,1.96
606,praya,40,ID,1554566400,100,-8.71,116.27,298.15,1.81
607,vangaindrano,88,MG,1554568930,99,-23.35,47.6,294.048,1.31
609,mercedes,20,AR,1554568930,87,-29.18,-58.08,295.448,3.06
611,porbandar,0,IN,1554568931,80,21.64,69.61,298.648,4.31
612,rosamorada,0,MX,1554568931,39,22.12,-105.21,300.448,1.11
613,guerrero negro,0,MX,1554568931,67,27.97,-114.04,292.198,6.86
614,cap-aux-meules,90,CA,1554566400,89,47.38,-61.86,273.15,7.7
615,caranavi,88,BO,1554568931,85,-15.83,-67.57,291.398,0.86
616,fetsund,0,NO,1554568832,57,59.92,11.16,287.04,2.1
617,ampanihy,0,MG,1554568932,86,-24.69,44.75,294.598,1.81
618,puro,56,PH,1554568932,92,13.13,123.76,296.698,1.26
619,mirnyy,64,RU,1554568932,64,56.57,36.46,278.298,3.01
620,langsa,20,ID,1554568932,89,4.47,97.97,294.448,0.91
621,riyadh,0,SA,1554566400,14,24.63,46.72,305.15,2.1
622,yermakovskoye,92,RU,1554568933,93,53.28,92.4,275.998,3.86
623,illapel,0,CL,1554568933,77,-31.63,-71.17,295.598,1.61
624,tahe,76,CN,1554568933,61,52.34,124.71,271.648,1.81
625,parkes,0,AU,1554565713,62,-33.14,148.18,290.93,1.16
